id,target_x,target_y,target_z,actual_x,actual_y,actual_z,error_mm
0,-0.2,-0.03470017236418951,0.21553520345241778,-0.19999998392346838,-0.034700178977103764,0.21553519089474743,2.1444826621573488e-05
1,-0.2,-0.03470017236418951,0.21553520345241778,-0.19999998392346838,-0.034700178977103764,0.21553519089474743,2.1444826621573488e-05
2,-0.2,-0.03470017236418951,0.21553520345241778,-0.19999998392346838,-0.034700178977103764,0.21553519089474743,2.1444826621573488e-05
3,-0.2,-0.03470017236418951,0.21553520345241778,-0.19999998392346838,-0.034700178977103764,0.21553519089474743,2.1444826621573488e-05
4,-0.2,-0.03470017236418951,0.21553520345241778,-0.19999998392346838,-0.034700178977103764,0.21553519089474743,2.1444826621573488e-05
5,-0.2,-0.03470017236418951,0.21553520345241778,-0.19999998392346838,-0.034700178977103764,0.21553519089474743,2.1444826621573488e-05
6,-0.2,-0.03470017236418951,0.21553520345241778,-0.19999998392346838,-0.034700178977103764,0.21553519089474743,2.1444826621573488e-05
7,-0.2,-0.03470017236418951,0.21553520345241778,-0.19999998392346838,-0.034700178977103764,0.21553519089474743,2.1444826621573488e-05
8,-0.2,-0.03470017236418951,0.21553520345241778,-0.19999998392346838,-0.034700178977103764,0.21553519089474743,2.1444826621573488e-05
9,-0.2,-0.03470017236418951,0.21553520345241778,-0.19999998392346838,-0.034700178977103764,0.21553519089474743,2.1444826621573488e-05
10,-0.2,-0.03470017236418951,0.21553520345241778,-0.19999998392346838,-0.034700178977103764,0.21553519089474743,2.1444826621573488e-05
11,-0.2,-0.03470017236418951,0.21553520345241778,-0.19999998392346838,-0.034700178977103764,0.21553519089474743,2.1444826621573488e-05
12,-0.2,-0.03470017236418951,0.21553520345241778,-0.19999998392346838,-0.034700178977103764,0.21553519089474743,2.1444826621573488e-05
13,-0.2,-0.03470017236418951,0.21553520345241778,-0.19999998392346838,-0.034700178977103764,0.21553519089474743,2.1444826621573488e-05
14,-0.2,-0.03501808936340243,0.21553520345241778,-0.20000000761602543,-0.03501808853871357,0.21553520936147189,9.674754538222582e-06
15,-0.2,-0.03501808936340243,0.21553520345241778,-0.20000000761602543,-0.03501808853871357,0.21553520936147189,9.674754538222582e-06
16,-0.2,-0.03501808936340243,0.21553520345241778,-0.20000000761602543,-0.03501808853871357,0.21553520936147189,9.674754538222582e-06
17,-0.2,-0.03501808936340243,0.21553520345241778,-0.20000000761602543,-0.03501808853871357,0.21553520936147189,9.674754538222582e-06
18,-0.2,-0.03501808936340243,0.21553520345241778,-0.20000000761602543,-0.03501808853871357,0.21553520936147189,9.674754538222582e-06
19,-0.2,-0.03501808936340243,0.21553520345241778,-0.20000000761602543,-0.03501808853871357,0.21553520936147189,9.674754538222582e-06
20,-0.2,-0.03501808936340243,0.21553520345241778,-0.20000000761602543,-0.03501808853871357,0.21553520936147189,9.674754538222582e-06
21,-0.2,-0.035336030321634605,0.21553520345241778,-0.19999999892356968,-0.035336030394534236,0.21553520261920742,1.3631786847803392e-06
22,-0.2,-0.035336030321634605,0.21553520345241778,-0.19999999892356968,-0.035336030394534236,0.21553520261920742,1.3631786847803392e-06
23,-0.2,-0.035336030321634605,0.21553520345241778,-0.19999999892356968,-0.035336030394534236,0.21553520261920742,1.3631786847803392e-06
24,-0.2,-0.035336030321634605,0.21553520345241778,-0.19999999892356968,-0.035336030394534236,0.21553520261920742,1.3631786847803392e-06
25,-0.2,-0.035336030321634605,0.21553520345241778,-0.19999999892356968,-0.035336030394534236,0.21553520261920742,1.3631786847803392e-06
26,-0.2,-0.03534891807495182,0.21614773973938017,-0.20000000015316283,-0.03534891824851994,0.21614774850660723,8.770282491551663e-06
27,-0.2,-0.03543101592065569,0.21924566182591626,-0.19999999900343768,-0.03543101574682026,0.2192456524205476,9.459614933553067e-06
28,-0.2,-0.03566590918674398,0.22617106804240134,-0.2000000373875397,-0.035665907797777986,0.22617109868730306,4.836183775844067e-05
29,-0.19191774119672714,-0.036066772596202064,0.2367950106829118,-0.1919177458633683,-0.03606677237408302,0.23679501604181327,7.109479687766499e-06
30,-0.18170265541257002,-0.03655290118876598,0.2479869640616466,-0.1817026693854635,-0.03655290052380417,0.24798697464334996,1.754013603604799e-05
31,-0.16945828732241058,-0.0371356018681607,0.25928816890774814,-0.16945829609729393,-0.037135601450571425,0.25928817970444806,1.3919112320699352e-05
32,-0.1565838776033792,-0.03774828577596602,0.2695693448336881,-0.15658386209475006,-0.03774828651401038,0.2695693211936546,2.8282741561492952e-05
33,-0.14149846633220642,-0.038466189658954125,0.28006118417276316,-0.14149846943587452,-0.03846618951125564,0.2800611779679964,6.93928678000196e-06
34,-0.12344867847452026,-0.03951494915825671,0.2912567557538159,-0.12344868411637616,-0.03951494887632226,0.2912567726455071,1.7811211554409444e-05
35,-0.1056309320872176,-0.0421204473686336,0.30040511191670066,-0.10563092683008359,-0.04212043650958977,0.3004051221669434,1.5831101245291063e-05
36,-0.08839318740459454,-0.04587798055096225,0.3074800680038433,-0.08839318722111561,-0.04587800814371946,0.3074800682301121,2.7594294928212417e-05
37,-0.074667028182553,-0.049442454620752994,0.31173634919258153,-0.07466703085521534,-0.04944243135330506,0.31173635180004655,2.3565146534123508e-05
38,-0.06613510714651769,-0.053048180739194276,0.31239133160344396,-0.06613510854547866,-0.05304816892205782,0.3123913315409654,1.1899819722253245e-05
39,-0.06851829182187998,-0.05806588592551071,0.3089109599318368,-0.06851828664264767,-0.05806591340392298,0.30891095940357527,2.7967242421986438e-05
40,-0.07583907837849285,-0.06469200778621709,0.3026879822030913,-0.07583907987678805,-0.06469200287893015,0.3026879842855992,5.537435569936987e-06
41,-0.08498383299615855,-0.07284174935944704,0.29436485854366984,-0.08498383647268226,-0.0728417618005875,0.29436488989840637,3.391146850239356e-05
42,-0.0941595494710547,-0.08268773982071562,0.2835755779104582,-0.09415954452571797,-0.08268776360530207,0.28357559277259176,2.8478868002845267e-05
43,-0.10327200081840826,-0.09250205492391463,0.2706319276858351,-0.10327201030624797,-0.09250205657593744,0.2706319468618831,2.1458543695023987e-05
44,-0.11373808575723823,-0.10288897472745002,0.2533066007693138,-0.11373808144114482,-0.10288897256095236,0.2533065917727461,1.0210808248393592e-05
45,-0.12429028074672202,-0.11163453914957319,0.23261224333394187,-0.12429028202520562,-0.11163453983292546,0.2326122453930214,2.518193615453905e-06
46,-0.13460295615561713,-0.11847961759258949,0.20738671953386684,-0.13460300642564238,-0.1184796558633188,0.20738679051944528,9.502987165966353e-05
47,-0.14210943539345383,-0.12256624350130606,0.18004297986195572,-0.14210946258709148,-0.12256625828936522,0.1800430025964656,3.8406230772313745e-05
48,-0.14555195611596514,-0.12444039700658673,0.1516912493531864,-0.1455519688033752,-0.12444040391034283,0.15169125862045243,1.7161423088722508e-05
49,-0.14466648509040358,-0.12395833494795373,0.12496039765105212,-0.14466653391750067,-0.1239583522875865,0.12496041590485762,5.4935868885574575e-05
50,-0.13983763719734313,-0.1213294467190269,0.10013608920426294,-0.13983769131252122,-0.12132946084619109,0.10013610370348205,5.77776481225571e-05
51,-0.13190118506067286,-0.11700873791568747,0.07839957544541913,-0.13190126680640663,-0.11700877643441732,0.07839958982153802,9.150262472792468e-05
52,-0.11988535254264752,-0.11046716084245059,0.05837573254819391,-0.11988543945513361,-0.11046720287724289,0.05837573980926941,9.681646150475519e-05
53,-0.10567010983114528,-0.1029385105939432,0.04132448646457851,-0.10567010802121987,-0.10293850960500958,0.04132448746978806,2.294398812853155e-06
54,-0.0890701784832185,-0.09333730948313977,0.025646220956580354,-0.08907038787894953,-0.09333739301084788,0.02564624471667095,0.00022668919713167985
55,-0.015996469833598696,-0.05340632286795462,0.01,-0.06632325039729609,-0.07922469062716683,0.014715431673119762,56.759212921959545
56,0.009955581900832337,-0.04020790748011835,0.01,0.00995555489962877,-0.04020785364086799,0.0099999999997906,6.023063898988964e-05
57,0.01742063255408533,-0.036464658326241545,0.01,0.01742063970998724,-0.036464654917971434,0.010000025033520876,2.6258339717730927e-05
58,0.026087499182396154,-0.03211877473078994,0.01,0.02608750122285003,-0.03211877370742317,0.009999924581101632,7.545343572408681e-05
59,0.03504325599333474,-0.027628031042364463,0.01,0.03504325926430992,-0.02762802940221375,0.009999962837580187,3.734213196055569e-05
60,0.04278470067963699,-0.02366399147929663,0.01,0.04278471086779664,-0.023663985785766183,0.009999946038921556,5.5208811550578696e-05
61,0.049423644518061076,-0.020322227979690775,0.011234808601078256,0.04942365412580646,-0.020322223143547345,0.011234768199056958,4.180933364216134e-05
62,0.05354122312328035,-0.017836569358776037,0.016019611009863544,0.0535412161903468,-0.01783657336950968,0.01601960176554302,1.2231476357619649e-05
63,0.05496186288431612,-0.017004104471500053,0.017727898277846987,0.05496187163558167,-0.017004100608551873,0.01772786934106651,3.0476946728400818e-05
64,0.055886589171543204,-0.016745954272389486,0.01856888206135769,0.05588659836734742,-0.016745949650243973,0.018568850504054706,3.319322846708033e-05
65,0.05729403432052534,-0.016139953174479228,0.019865023672142698,0.057294052955155036,-0.016139941851539847,0.019864957154002293,7.000086701645328e-05
66,0.05842849474018091,-0.01556454469944572,0.020537306812995468,0.0584284923171592,-0.015564545928461333,0.02053732240304746,1.582501926368482e-05
67,0.060481875014239087,-0.014872177994763255,0.021814251560334758,0.06048187340905872,-0.014872180608873879,0.02181427712492163,2.5747976235841903e-05
68,0.06304180583768662,-0.01383020465959232,0.023337431922090077,0.06304180905081937,-0.013830198869307487,0.023337406810093442,2.5970444653193044e-05
69,0.06631937579247339,-0.0118176315489756,0.02545731857270113,0.066319374912303,-0.011817631695021778,0.0254573237243901,5.228377249859605e-06
70,0.07062067000086832,-0.009923680930237797,0.02807197359465051,0.07062066497500004,-0.009923686938396296,0.02807200805421662,3.5338633490739764e-05
71,0.07441801084840452,-0.008026839575536977,0.029802169790035554,0.07441800734598332,-0.008026841325048488,0.02980218518424877,1.5884254636363236e-05
72,0.07832440047883203,-0.006225538838351689,0.03114086264774714,0.07832440947026559,-0.006225531814724778,0.031140826151930354,3.823770201261722e-05
73,0.08093951231574589,-0.004302735022089475,0.03166495881305796,0.0809395241357464,-0.004302728129482716,0.031664937564760014,2.5272724537799736e-05
74,0.08151541449015805,-0.003223834186054479,0.030446856194147123,0.08151540694420144,-0.0032238381969024125,0.030446869562021556,1.5865951882503583e-05
75,0.07961460979709392,-0.004202648971883969,0.029248762819976057,0.07961460218810221,-0.0042026528904051865,0.029248811364469295,4.9293198183419766e-05
76,0.07857635192994988,-0.004584679777357065,0.03152379954610167,0.0785763964254598,-0.00458465677807847,0.031523750062653705,7.040901107789995e-05
77,0.07827683354496348,-0.004739497796010305,0.03522612443991566,0.07827683194649501,-0.004739498622243537,0.03522614050124974,1.616181349038319e-05
78,0.07819333745608253,-0.004782656078419,0.03903635761518638,0.07819333337414047,-0.00478265818806106,0.03903634599562801,1.2495078125320816e-05
79,0.07813436195235055,-0.005116418564059571,0.042384665326346174,0.07813436764840513,-0.0051164156203851886,0.04238465529920352,1.1901842145724648e-05
80,0.07757402732025631,-0.005403874918673748,0.044825153450594055,0.07757401708592518,-0.005403880168967988,0.04482518252903593,3.1270799563018236e-05
81,0.07702218768550181,-0.0055376104769753395,0.04710712831783505,0.0770222189011471,-0.0055375949458079205,0.04710707482200412,6.385481656581798e-05
82,0.07687377424637223,-0.005614035619003838,0.04935807166098427,0.07687376396343787,-0.005614040914176375,0.049358099307610315,2.9968542223095133e-05
83,0.0767367779075489,-0.00553553695204086,0.051274465029608335,0.07673676080474494,-0.005535545736931012,0.05127450901596295,4.800499547639563e-05
84,0.07614684024679787,-0.005988368526378199,0.051187464546407616,0.07614689194525423,-0.005988341904383496,0.05118743662003067,6.450847635507958e-05
85,0.07516982649513024,-0.006637250058040278,0.04925180583676765,0.07516981973550685,-0.006637253525782089,0.04925182531100066,2.0903671758507876e-05
86,0.07365725268537057,-0.0075558258944055275,0.04643278743936695,0.07365724558042241,-0.0075558295255362725,0.04643280954679595,2.3503272447377357e-05
87,0.07143487071066554,-0.00882971675533558,0.04249931410612515,0.07143486842132953,-0.00882971792094783,0.042499322075236386,8.372959168174477e-06
88,0.06797359099126296,-0.010591989473565457,0.03661526690267865,0.06797360414189967,-0.010591982778085254,0.03661527165326265,1.5502798110465173e-05
89,0.06355064179900269,-0.013211295123285113,0.029356861453659802,0.06355064122688861,-0.013211295476818622,0.029356865154529697,3.761480884280754e-06
90,0.059526138875368534,-0.015007809773295074,0.02353963535209616,0.05952614702548212,-0.015007816377948928,0.023539679873521888,4.574060726190168e-05
91,0.055114988330586534,-0.01724518479682109,0.017573710091793468,0.055114991176034155,-0.017245183354005048,0.01757376476001287,5.476123175162422e-05
92,0.050166424750179545,-0.019851817050751223,0.011882206828726524,0.05016645152791897,-0.01985180782325701,0.01188216852600256,4.763709312585765e-05
93,0.04625820767517838,-0.022181774422506427,0.01,0.04625819358989658,-0.02218174094395582,0.010000022591312017,4.277354197095024e-05
94,0.0421687692474953,-0.024216691487920303,0.01,0.042168767152248515,-0.024216692523991577,0.009999955504234152,4.455711706508966e-05
95,0.03622202275776831,-0.02675795321964487,0.01,0.03622205030589167,-0.026758003828083958,0.010000004111588537,5.7766931439096725e-05
96,0.027458168560849757,-0.030953734664808386,0.01,0.027458209503147327,-0.03095378121117054,0.010000032302172605,6.990183055554407e-05
97,0.017062451597032725,-0.03607992961476463,0.01,0.017062563314663947,-0.03608008380654411,0.010000018290895543,0.00019128641050481044
98,0.00816847559672106,-0.040833858829810304,0.01,0.008168513032953122,-0.04083392378761207,0.010000005333589225,7.516272117782325e-05
99,-0.0007502453694713945,-0.04560249538578909,0.01,-0.0007502538532651801,-0.045602492769476824,0.009999927930408901,7.261436364799521e-05
100,-0.011416046714280226,-0.05125704725634607,0.01,-0.01141605747138541,-0.05125707135102361,0.009999966680215168,4.2502668844019016e-05
101,-0.03908364221952892,-0.0659367290795757,0.01,-0.03908360991755335,-0.0659367119412359,0.010000020467197758,4.190520851588478e-05
102,-0.07697411497065877,-0.08604039453951134,0.01,-0.07697406015452785,-0.08604036545555574,0.010000009202145521,6.273248094511808e-05
103,-0.09934070144667229,-0.09790750358689286,0.01,-0.09934060547774055,-0.0979074526683628,0.010000021955879899,0.00011083678641719597
104,-0.13818386218694237,-0.11851663966333861,0.01,-0.13818367784748312,-0.11851656055948126,0.009999993610310653,0.0002006969970270948
105,-0.17950397317372135,-0.1415011887486039,0.03803504144589853,-0.1700550253101445,-0.13643196991632683,0.03648035552443568,10.834973170825158
106,-0.18981589550905198,-0.14703338038546843,0.05652468354277436,-0.16771547166280432,-0.13517683413416093,0.05093319151988016,25.695742959394572
107,-0.19907756429098336,-0.15200212674648989,0.0772995045007857,-0.1643797718834281,-0.13338728136313202,0.06530829278870799,41.16112759543875
108,-0.2,-0.1557857612540823,0.0997289846171595,-0.15848932519565728,-0.1328333141106689,0.0807940346511337,51.07331282381221
109,-0.2,-0.15768631479522832,0.12477065436998334,-0.15160980280757258,-0.13047014138426663,0.09663833632309828,62.23952601160009
110,-0.2,-0.1587104883000752,0.154307498733102,-0.14322659179411823,-0.12648859924392244,0.1129184287914287,77.2950523920867
111,-0.2,-0.15734506209366847,0.18807027533200654,-0.1339098720739853,-0.1202866072642357,0.12872917905011508,96.24240121463518
112,-0.2,-0.1526434545618463,0.22369502710674755,-0.12467392253393174,-0.11217698273421889,0.14264697889497352,117.81485223662732
113,-0.18634124762599474,-0.14443426263073525,0.25833084615988783,-0.11109143794762211,-0.1043606899801095,0.15744169895508628,132.08726322143406
114,-0.16675093906601218,-0.1340016297626742,0.2872546430855895,-0.09656253328139633,-0.09662345962097432,0.16991945159923763,141.7430318247307
115,-0.1528691791022796,-0.12660903026273562,0.3010899993741734,-0.0876738465290044,-0.09188987430571877,0.1763043286153555,145.00798187146708
116,-0.14247072611581113,-0.12079113433286404,0.30852890549230616,-0.08155815061143781,-0.08847256052468047,0.1802576728832054,145.63083870742838
117,-0.13255975636433498,-0.11553264042132326,0.3154964965364123,-0.0756466992291722,-0.0853361035733379,0.18369023579608645,146.70997675832686
118,-0.1221977651839771,-0.11003484667361907,0.3221440886691049,-0.06951453214516412,-0.08208254064399792,0.18691625716251115,147.79519907551523
119,-0.11066846413086392,-0.10348330947193767,0.3290147708925262,-0.06272665910959599,-0.07823486045700717,0.19015632835730628,149.0555866435867
120,-0.09520002063993899,-0.09422302069942362,0.33682426586059033,-0.05375979109435227,-0.07288347461502818,0.19388736152274003,150.34502809726274
121,-0.0767199859398683,-0.08220855206658062,0.34464405974526285,-0.043143646166217825,-0.06601183772862043,0.19752503664281162,151.76861041256421
122,-0.056590241326186674,-0.06976715264412361,0.35080204811132837,-0.03172833858653666,-0.05897393181422372,0.20040771372922828,152.8170921001762
123,-0.03806692323355582,-0.0596163317584454,0.35455577988981396,-0.02130745113211215,-0.05327074190377233,0.2021642506471045,153.44159996772183
124,-0.01933516231356322,-0.051390687567753994,0.35656116736941396,-0.010823354796811454,-0.04867609935421579,0.20316834586062038,153.65278242452987
125,-0.0038185927359690973,-0.0461939461273531,0.35717217554216396,-0.0021268047977017947,-0.045841804483407175,0.20348733875736616,153.69455165273558
126,0.010040360301958491,-0.043266815318169054,0.3569324118676803,0.00280773548483631,-0.044605216579296954,0.20343141230171952,153.6771259733541
127,-0.01315271933058743,-0.042499760659408,0.3567997063866744,-0.007355693217076955,-0.04370659910606842,0.2033554747327529,153.55843903432788
128,-0.028654693585564252,-0.03148562075693344,0.355343323190987,-0.016046167704836467,-0.037520168555806165,0.2026868404230172,153.29511545743824
129,-0.03298589887493493,-0.024098616642761507,0.35441848627905487,-0.018479016170018812,-0.033386589322530864,0.20226262826917474,153.12779371830948
130,-0.03625003293183682,-0.01535719060200761,0.35322956824281715,-0.020320936145355614,-0.02847457164506141,0.20171569245306337,152.91257752943247
131,-0.04020776237234657,-0.004992237627653419,0.3513979804725753,-0.022565490884990328,-0.022649119215443728,0.20087265193823023,152.58076464945165
132,-0.044827792286122464,0.00692933645288479,0.3487517696606386,-0.025180467854087556,-0.015918236402123264,0.19963738296186195,152.12866022960574
133,-0.051962420014780616,0.017721750276814854,0.34533249632600743,-0.0292380466325991,-0.009797671774974344,0.19801723992818157,151.57671491107885
134,-0.061099278354843224,0.026293637143368104,0.34134860562230196,-0.03444816172937991,-0.0048918446409033645,0.19615272431190756,150.87962168895874
135,-0.07292601768906386,0.03403160932233546,0.33632805247164016,-0.04121281815598208,-0.0004236920513705309,0.19376076047084811,150.06107945039267
136,-0.0885810991834002,0.04230066147226243,0.32884562840097314,-0.05025675858069644,0.004443768380725273,0.19025453792395877,148.69226542353877
137,-0.10649502459648241,0.04867638094148145,0.31964468397537577,-0.060719115715297464,0.008324480427852311,0.1859070754901854,147.00155656420253
138,-0.126414702895703,0.05252228373456423,0.3086045056157901,-0.07250394696209661,0.010847683142724707,0.18062431528331263,144.98989984602164
139,-0.1464344053531094,0.05199583809259386,0.29701896243148895,-0.08452453125001325,0.010903158047641234,0.17503221434746888,142.83629641254436
140,-0.1660673456800728,0.044879273277715806,0.28610715191798614,-0.09643990633459525,0.007111553914687579,0.16970725788972077,140.79529915975186
141,-0.18402454181948832,0.030694947341080924,0.2766243387467539,-0.10745988371970983,-0.0008816597394382814,0.1650668814956673,138.93989798823623
142,-0.19765478142448692,0.010151838746307243,0.27042166975347903,-0.11582434142148985,-0.012764226661250032,0.16198475625665226,137.76767100290922
143,-0.2,-0.013058751676965808,0.26724975665761036,-0.1186808336410389,-0.02612726039636857,0.16204484114021603,133.61013055336628
144,-0.2,-0.03752252352956163,0.26693001958820034,-0.11931108494173132,-0.0406199611996375,0.16267138721872554,131.87174662130553
145,-0.2,-0.059587088596007365,0.26693001958820034,-0.11923313428945623,-0.05377704979167586,0.16256109892521103,132.09812545214336
146,-0.2,-0.07770364360068091,0.26693001958820034,-0.11876089599028056,-0.06450081125525425,0.16195441047933556,133.394097733073
147,-0.2,-0.09069755247745315,0.26767464966279525,-0.11799377950492004,-0.07204214177457934,0.1614113954166002,135.51724521761818
148,-0.1986920905203501,-0.09626744251497567,0.2695647036195001,-0.1166936103340574,-0.07519235546417047,0.1618231478325489,137.0261029528811
149,-0.1938809662858232,-0.09598319822299617,0.27178686633108623,-0.11425380053792378,-0.07512647089133485,0.16366251019600864,135.89100407920975
150,-0.18700589988628682,-0.09510316304926641,0.27380881796733036,-0.11103723933538076,-0.07483066620789143,0.1660363010268497,133.40587289084596
151,-0.18039427082231962,-0.09363537575650886,0.27418214536934127,-0.10831181298579076,-0.07428142893221401,0.16802352298798326,129.76944590827367
152,-0.17395631646277315,-0.09219300322044523,0.27330376054749117,-0.10590717126762592,-0.07381003285819202,0.16971436444032567,125.29717772949614
153,-0.1680979208873542,-0.09088719296391609,0.2709546818202866,-0.10406453317192582,-0.07348361046445451,0.17096706001178247,120.0028497205395
154,-0.16131955528070088,-0.09144573576110546,0.26920568103815423,-0.10146045585989924,-0.07428583384306003,0.17246562706283775,115.04873776123534
155,-0.15159618660841362,-0.09605557234170875,0.2709765805403819,-0.09618256753130491,-0.07746611242545572,0.17503153110040545,112.34629371385779
156,-0.13980731115765732,-0.10336150189205343,0.2765550363805119,-0.08855172254219743,-0.08203857093407732,0.17828355220736922,112.86756553832507
157,-0.12724608821992897,-0.11072506580139599,0.2824296358621404,-0.08028516576055446,-0.0865426516525501,0.18132946256084834,114.06735919557786
158,-0.11963836067855017,-0.11891899551774132,0.28417013155234266,-0.07539766707956796,-0.09165867932481495,0.18222889742526321,114.42193419274723
159,-0.11375409884862075,-0.12742137766939948,0.28413171429560913,-0.07171478370335355,-0.09703538689003395,0.18226717004453624,114.31096985419013
160,-0.10639697446167377,-0.13472516829211117,0.2849889316631578,-0.06703864752214986,-0.10160805537112347,0.18270935244564085,114.4855160822199
161,-0.1007549696731827,-0.14171774253319908,0.2842291863810153,-0.06358002809563079,-0.10610618385514038,0.18249127561544176,114.0208835245501
162,-0.09659205388595402,-0.14696594179111433,0.2829581182566318,-0.06110692220751729,-0.10958007246280865,0.18212631445686295,113.24288257186066
163,-0.09393287568919045,-0.14948012743675482,0.2828753536174901,-0.05943446736141515,-0.11118151616554081,0.1821056748835596,113.18768464189485
164,-0.09377280152331419,-0.14962409591629636,0.2828753536174901,-0.059333206791686396,-0.11127268139216998,0.18210563954428338,113.18768464667865
165,-0.0946375996590055,-0.15058712316943024,0.2820102117029929,-0.05991542990315612,-0.11192099472736075,0.18165714348203751,113.01078206353746
166,-0.09523095087137928,-0.15092119313849106,0.2815746666018837,-0.06030956270639135,-0.11215307491846646,0.18143058825235184,112.92168423367026
167,-0.09737742003041233,-0.15330410834044508,0.2800380904403123,-0.061641126809407365,-0.11363125399355628,0.18037925915851227,113.06149069272607
168,-0.10295575325085521,-0.15949692735981863,0.27418395658431827,-0.06539497496955025,-0.11779861036261657,0.17725390487828235,112.00444914926949
169,-0.11046261875562402,-0.16745307804477794,0.26500764122006254,-0.07065515277478995,-0.1233966784136972,0.17256725958222519,109.86730566286666
170,-0.11760082608722562,-0.17535319690707557,0.2550623584603679,-0.07578589220344209,-0.1290750584350758,0.16739117435256473,107.5936397702164
171,-0.1238870194650763,-0.18188826218009527,0.24595135079817465,-0.0803423548047223,-0.13384405931325466,0.16248787298134235,105.69075351597073
172,-0.13174622695805976,-0.18528863359255943,0.237280140021498,-0.08595955907044496,-0.13660267197270276,0.15776965703094226,103.86846836500645
173,-0.14414242275957603,-0.1841310823122888,0.22773575081226688,-0.0946747250415321,-0.1364520150451032,0.15249544201591883,101.88940396705826
174,-0.16192215051021716,-0.17725680707029232,0.21599105579822725,-0.10722770863811854,-0.13265034565786396,0.14590295684688057,99.46637615824052
175,-0.18191574150043732,-0.16394673225648515,0.20294301380006435,-0.12167109372769329,-0.1246216593009318,0.1385509817211307,96.55160663332333
176,-0.2,-0.1432213989912175,0.18937420828958446,-0.13592650361834183,-0.11181852072408961,0.13142626857089035,91.9212566258307
177,-0.2,-0.11700483463229,0.17678147006418815,-0.1438786873351579,-0.09685602270234811,0.12955984865046352,76.06219748570423
178,-0.2,-0.08759430618381137,0.16610386864571536,-0.15108047732012497,-0.07722476381946206,0.12755465659476534,63.14023168964424
179,-0.2,-0.0572907056692135,0.1570054440696037,-0.15637561683655604,-0.05465345796576768,0.1246128960955927,54.39962358407371
180,-0.2,-0.029308539481539934,0.15074587189465555,-0.15857513533217432,-0.03260027960152049,0.12128332367767868,50.940128712075804
181,-0.2,-0.004105925971857525,0.1462946531114906,-0.1583273437305059,-0.012668422418617764,0.11758277477568588,51.325418493435016
182,-0.2,0.017582275039853983,0.14284998027132745,-0.1566383772385872,0.00397056769461423,0.11372155477499607,53.98123819671846
183,-0.2,0.0351986800154306,0.1403826707779242,-0.15433366523926997,0.01684112750564373,0.1102689467228612,57.69965546771595
184,-0.2,0.04958800345893724,0.12980093488080957,-0.15452485672419292,0.028035801441595568,0.10222024055601003,57.38624196782291
185,-0.2,0.06259085039470319,0.11335049221369274,-0.15585935625054614,0.03880098790517865,0.09021039651042491,55.22515746508181
186,-0.2,0.07245142666218778,0.09762948601422157,-0.15689862679218797,0.04709665413530552,0.07842166601995841,53.568024148936615
187,-0.2,0.08028571456527187,0.08504393998279149,-0.15712782465574254,0.05338675111100663,0.06863641143687596,53.20511861322826
188,-0.2,0.08430555447655756,0.0745058926131059,-0.15773982885164836,0.056940336393363655,0.06056136063547515,52.24200607082296
189,-0.2,0.08472446417906827,0.06478810512328366,-0.15915199351759143,0.05818886288601317,0.05329142967018605,50.048689453818255
190,-0.2,0.08147092119405566,0.05100785720310311,-0.16214482773203998,0.057495279731269625,0.04296185217942508,45.52563725891212
191,-0.19509785863450163,0.07834435645149679,0.03669891489841158,-0.16353146204981056,0.05835515688569936,0.03213629235250474,37.6407095724787
192,-0.1839125394735352,0.0756564258202826,0.021146066020724955,-0.16269405737107664,0.061712959094664226,0.01968687251393555,25.431741834782713
193,-0.172393570050258,0.07229905688007696,0.01,-0.1611281940935583,0.06462086406927672,0.00990195613672173,13.633523128111024
194,-0.16235046369264095,0.06655158343633905,0.01,-0.16062060111801318,0.06536085768848138,0.009984011410097285,2.100120941449817
195,-0.15312984831931237,0.060551267361307615,0.01,-0.1531298636245603,0.06055128318015389,0.009999994215160391,2.2758534244622992e-05
196,-0.14550626800730945,0.054957126009281695,0.01,-0.14550628253795192,0.05495713600337785,0.009999991196569327,1.9710959390219875e-05
197,-0.13851538900707647,0.04952006556166821,0.01,-0.1385153891290566,0.04952006564453344,0.009999999923783354,1.6599630762058721e-07
198,-0.13235099514812879,0.045304708736314744,0.01,-0.13235087899112846,0.04530462930542566,0.010000006578890335,0.00014087227073680543
199,-0.12712607685196842,0.04144588900047618,0.01,-0.127126077750223,0.041445890289079,0.009999999677010641,1.6036460494620874e-06
200,-0.1220047204642219,0.037955303212783856,0.01,-0.12200470295355428,0.03795529127795447,0.009999994004279901,2.2022994623914897e-05
201,-0.11732559643081066,0.03476613170951699,0.01,-0.1173255853070147,0.034766124127854146,0.010000001001091916,1.3498986367824371e-05
202,-0.11338315413829397,0.03207906367652834,0.01,-0.11338315408481173,0.03207906364007995,0.010000000005606722,6.496361173219278e-08
203,-0.10981536684267915,0.029647350926097757,0.01,-0.10981536606496066,0.02964735039602362,0.010000000077537034,9.443710221708215e-07
204,-0.1069078990398561,0.027665695086838173,0.01,-0.10690792366848924,0.027665711873050385,0.00999998093607423,3.5380499659660045e-05
205,-0.10421393766046515,0.025829559775889455,0.01,-0.10421392718393663,0.025829552635332556,0.010000001257990995,1.274079055621865e-05
206,-0.10159831265223336,0.023818805807222967,0.01,-0.10159831265134325,0.023818805806615467,0.010000000000066813,1.0797275800190408e-09
207,-0.10004695519490187,0.021649238250102648,0.011951686176003853,-0.10004695595960685,0.021649238751001963,0.011951686077762654,9.194156641482389e-07
208,-0.09958985795597375,0.018078819074668333,0.014438512706880305,-0.09958988404329432,0.018078835660961086,0.014438493967169085,3.615010620023811e-05
209,-0.10056424052070877,0.014032247266432134,0.016779483821657046,-0.10056417558694158,0.01403221843605473,0.016779483516893467,7.104701023037698e-05
210,-0.10303476912968881,0.009670188271114577,0.019617248495765724,-0.10303479981176202,0.009670206198691234,0.01961721946493786,4.588656216345397e-05
211,-0.10759615414504226,0.003484887102826602,0.023235830053772402,-0.10759608198703166,0.0034848243537240788,0.023235820774275207,9.607464508720533e-05
212,-0.11266212814139827,-0.005083686193368547,0.027064575293623785,-0.1126620690685061,-0.005083730324610243,0.027064565468043658,7.438894479945085e-05
213,-0.11701302301643439,-0.014550804999829898,0.030939427888478338,-0.11701295456777269,-0.014550807335984685,0.03093941753082779,6.92672926582673e-05
214,-0.1235274722000772,-0.03761092266440303,0.04051693629302475,-0.1235273440188919,-0.03761094375559005,0.0405168962781784,0.0001359280779094052
215,-0.12486941565820035,-0.0503747359504159,0.04585956590382949,-0.12486933222672328,-0.0503747496527515,0.045859542080011174,8.78415601337212e-05
216,-0.12314514065592852,-0.07424557221401773,0.05512288831298791,-0.12314508693686521,-0.07424555040082635,0.055122871064952464,6.0490063709339716e-05
217,-0.12049752338427877,-0.08521212234860528,0.059011699754072625,-0.12049741476999751,-0.08521210847675292,0.05901165067005468,0.00011999471321751545
218,-0.11175298252924673,-0.10648500761090776,0.06584319369556864,-0.11175291275469146,-0.10648495947470328,0.06584314618964326,9.717199025916477e-05
219,-0.10043359944384014,-0.12382734087588965,0.06877711749097933,-0.10043353426015436,-0.12382730847432397,0.06877710137016635,7.455638779966277e-05
220,-0.09632642151588573,-0.12880853514087529,0.06877711749097933,-0.0963264247253511,-0.12880850619330297,0.06877708970844305,4.025086250495168e-05
221,-0.09237818140735651,-0.13315134012809926,0.06877711749097933,-0.09237816066401347,-0.13315127670290328,0.06877710690771732,6.756513302625766e-05
222,-0.08851650633419073,-0.13703678313643314,0.06877711749097933,-0.0885164499984971,-0.1370367173873102,0.06877709255334737,9.010295795781453e-05
223,-0.08507626923419329,-0.14023259989945625,0.06877711749097933,-0.08507620188086322,-0.14023252308524484,0.06877707674742328,0.00010998605140778275
224,-0.0822707436634676,-0.14267149002410437,0.06877711749097933,-0.0822706992512344,-0.14267145968821093,0.0687771042974775,5.537852813432445e-05
225,-0.07999766567464314,-0.14452773638957636,0.06819016768584003,-0.07999764514659748,-0.14452768677841432,0.0681901536756657,5.5488314470977316e-05
226,-0.07841246722958875,-0.14599469816421015,0.0682388776287295,-0.07841243616742505,-0.1459946170925872,0.06823884908425204,9.139066283829374e-05
227,-0.0778968203877517,-0.14660970522760036,0.06848348546031356,-0.07789678200842876,-0.14660964255941916,0.06848346427650619,7.647893212699978e-05
228,-0.07882430140638763,-0.1478171431722543,0.07049819860859781,-0.07882423394226651,-0.14781707752575185,0.07049814716283406,0.00010727319111062959
229,-0.07950073669323417,-0.14869775810240407,0.07135968808088111,-0.07950067828282778,-0.14869769932253504,0.07135963949965962,9.605718952080895e-05
230,-0.08041692354990466,-0.14989049278150748,0.07157255431029426,-0.08041681652921065,-0.1498903565144703,0.0715724579767654,0.00019824803442369698
231,-0.08123016945192689,-0.150949214136129,0.07008122161563905,-0.08123010709008728,-0.15094913184478842,0.07008116761710978,0.00011651911833134407
232,-0.08257314409144548,-0.15201759654571073,0.0688148588501441,-0.08257309838869764,-0.1520175233725605,0.06881481584275348,9.639858257723752e-05
233,-0.08461695136436297,-0.1536266028371437,0.06805488786065432,-0.08461686580357847,-0.15362649517422286,0.06805483721400382,0.0001465504540154705
234,-0.08982195078507522,-0.1577825432468805,0.0676874353629189,-0.08982188838989863,-0.15778241795073658,0.06768737467530807,0.0001525623408785948
235,-0.10895361358126929,-0.1617672882786928,0.0763694685816504,-0.10895343676376895,-0.16176711446249084,0.0763693530797322,0.0002735273178291994
236,-0.142243734127752,-0.16638604959221448,0.11237271416932694,-0.12973790329431922,-0.1557315749415849,0.10324040919551093,18.79661216948763
237,-0.1600753483528659,-0.1650657409033101,0.14173089662012822,-0.12990071290611144,-0.1424707190170942,0.11661620912826058,45.296701493566616
238,-0.1666712385925253,-0.16296602950272926,0.15777623539668684,-0.12853991220788846,-0.13602331892041175,0.12362393893719424,57.84710069511951
239,-0.17114952990534602,-0.1595584597726824,0.1755954915812129,-0.1258805820528967,-0.12931071790975,0.13139985918028127,70.12458520941601
240,-0.17365294772640644,-0.1559123674431971,0.18932594892867166,-0.12355612475956874,-0.12397315753497465,0.13716073919083588,79.06335376092117
241,-0.17536092398405317,-0.15251336141108082,0.20130276366761007,-0.12132419237086675,-0.11944519822610235,0.14189042538004665,86.85216013813233
242,-0.17595823857280984,-0.1495676749112746,0.21155123126727016,-0.11903874039336643,-0.11580650702739503,0.1458659944674723,93.24267297395909
243,-0.1774430272137464,-0.14861687761777814,0.21811365898006219,-0.11790814024168049,-0.11391899372570213,0.14778491849210335,98.4605385521901
244,-0.1808835823149872,-0.15025070209918814,0.21834656451082834,-0.11904474826325225,-0.11433701142017022,0.1466062598251788,101.29415526799175
245,-0.1859642834262415,-0.153201391222339,0.21299832582440958,-0.1221964172767869,-0.11616729958778127,0.14287482365521745,101.76035698111652
246,-0.19266692090797444,-0.1570940428624765,0.20160174123784436,-0.12742419729189638,-0.11920340745690276,0.13621640934915907,99.83764251260939
247,-0.2,-0.16142226802138798,0.1855694034588869,-0.1338777406303161,-0.12299787407373465,0.1270291039859335,96.3096770671529
248,-0.2,-0.16560430051278158,0.16616990510942897,-0.13844322726091945,-0.12854655679345459,0.11764086020835401,86.70398398360182
249,-0.2,-0.16883747859121223,0.14663229391596172,-0.14301236266006231,-0.13360829434329108,0.1072741706433716,77.70294781990344
250,-0.2,-0.17095847219447652,0.12764052511326934,-0.14739605809032538,-0.13788144895933369,0.09630345469119739,69.59365023601289
251,-0.2,-0.1726165654850146,0.10912149277135945,-0.15139528651382234,-0.14165081599649182,0.08466823259788941,62.60397549334057
252,-0.2,-0.17317664652425796,0.09432177559992728,-0.15447087382809788,-0.14404332016790306,0.07478451713055138,57.47483364971201
253,-0.2,-0.17358190282471533,0.08172411860671948,-0.15682507620667024,-0.14586785771259955,0.0659174723438132,53.684191407870436
254,-0.2,-0.17368328551066367,0.07107445520326348,-0.1586576711722677,-0.14712425885930902,0.05813945750281789,50.81224473567612
255,-0.2,-0.17358066733290223,0.06121390431557584,-0.1602070496992121,-0.14803743773229847,0.05072615836738532,48.43478385565403
256,-0.2,-0.17338986726707734,0.05412283622283605,-0.1612255146613796,-0.1485373876721341,0.04527774986392967,46.89714285527927
257,-0.2,-0.17317389333196875,0.048616443329383585,-0.16195714001086603,-0.14883136450689152,0.040985531809922315,45.80446175178149
258,-0.2,-0.17287700152786079,0.042728514982433075,-0.16267918004887041,-0.1490519468958844,0.03634136773298793,44.73558404701325
259,-0.2,-0.172538912939187,0.03724679572653673,-0.16329319096233164,-0.14916790215676276,0.03197111015162405,43.83408300632493
260,-0.2,-0.17218051374058035,0.03308996333772883,-0.1637429161160802,-0.1491608065262069,0.02863186042250031,43.17820901338828
261,-0.2,-0.1714151933333655,0.03192062404084536,-0.16410481842975563,-0.14876243605772604,0.027717544650417304,42.65298756842349
262,-0.2,-0.1673729907446837,0.03322908183023282,-0.165489204441181,-0.14629155657492907,0.028962260494222958,40.664820681637444
263,-0.2,-0.15999007951298366,0.037268366502809305,-0.1678222041741678,-0.14152162084327438,0.03263994821446455,37.38872511460627
264,-0.2,-0.15065386901488684,0.044844476805407416,-0.1703046755242778,-0.1349964345502248,0.03944838240937036,34.0012556307051
265,-0.2,-0.14026809994967898,0.05357503509630675,-0.1725767636821256,-0.12723272464973476,0.047394448555396394,30.986360698637462
266,-0.2,-0.12899749539603433,0.0615121040074665,-0.17470622955345705,-0.11839972231311051,0.0548078871026432,28.23179310682326
267,-0.2,-0.11573922022545213,0.06797300323089911,-0.17706623711015568,-0.10765057092238284,0.061153217064311496,25.25654788750086
268,-0.2,-0.10168039258870236,0.07193713721561214,-0.17948455582413245,-0.09588678294888697,0.06543006590661823,22.28881646503537
269,-0.2,-0.08406741734568077,0.07483501924432977,-0.18201429706749106,-0.08057212803185619,0.06886966972726022,19.268833701721526
270,-0.2,-0.06751812243510152,0.07701407031389047,-0.183455978427226,-0.06567196502534403,0.07134657447424245,17.585035003503467
271,-0.2,-0.05133525147057966,0.07834598223056959,-0.18401910083483142,-0.050845017280398995,0.07276502856676734,16.934477006569058
272,-0.2,-0.03736990866277279,0.08037029748969916,-0.18338627029747917,-0.03802034380595248,0.07440006327345491,17.665864742511758
273,-0.2,-0.0248508374138,0.08203672798966515,-0.18219151399309177,-0.026662776520551712,0.0754889076417377,19.060410501706286
274,-0.2,-0.014747287374414638,0.08352775716289813,-0.18074808669992276,-0.01767865242651244,0.07630556713463446,20.76990841546257
275,-0.2,-0.0058956401883599775,0.08471209403194228,-0.1792213137752392,-0.009979105157902264,0.07679421438100248,22.607992072524052
276,-0.2,0.0007934155843379639,0.08596169314042255,-0.1777953753250637,-0.004312917158912759,0.07736175686600863,24.353211183816505
277,-0.2,0.005997914554712479,0.08717087172293479,-0.17652579477094546,-1.1237576176768502e-05,0.07793709563420592,25.930885856922124
278,-0.2,0.01004213232549462,0.08832844814164979,-0.17542598549029864,0.0032545271465153295,0.07851980626049547,27.315988518474935
279,-0.2,0.013254923042883388,0.08964424531235486,-0.17441063490337627,0.00577580890668607,0.07926219588544084,28.610132901010047
280,-0.2,0.016174710176013123,0.09080736638236118,-0.17347648105915375,0.008035349829313136,0.07989187084017672,29.814330225418637
281,-0.19868191233144866,0.019423063343939583,0.09172082031835875,-0.17227363918626654,0.010833542174879595,0.08065903781177783,29.89213603353191
282,-0.19283339362690372,0.02279751149073305,0.09124006949844506,-0.17047299132412413,0.014912716661957256,0.08164582776752256,25.57747163082025
283,-0.18595030443698812,0.0262014533926719,0.08955228503136874,-0.1686156419038447,0.01954526593471867,0.0819963096007749,20.04714746095109
284,-0.17746838688780905,0.029588843198438405,0.08518951622412853,-0.1669451813690527,0.02515414716550695,0.08064216344951322,12.29157437236108
285,-0.168219530694331,0.032162613154502605,0.07856701618099741,-0.16569552145612357,0.031001844544969136,0.07751567245359439,2.97040906822349
286,-0.15848006063336645,0.03426769291025312,0.07025029595212459,-0.15848006066460155,0.03426769293113602,0.07025029596159095,3.874711305958855e-08
287,-0.14749679599489965,0.03509919338578642,0.05976682917318783,-0.14749672662115046,0.035099155560197846,0.05976681132432515,8.100663013812609e-05
288,-0.13527888032154972,0.035039165373995984,0.048217156872953054,-0.13527891694991767,0.035039187099524964,0.04821714325422576,4.4711359643545053e-05
289,-0.12263637083558451,0.03325161607854586,0.036854543554721966,-0.12263634170478988,0.033251597611592736,0.03685454129200643,3.456517663180666e-05
290,-0.10969032702465502,0.030800767969307054,0.026887875106792733,-0.10969035483505617,0.030800787192891227,0.026887857747297995,3.800416632454809e-05
291,-0.09676481663585496,0.02725829266516194,0.017898806558917804,-0.09676478715073104,0.027258270717011403,0.01789881677795661,3.815131188042404e-05
292,-0.083656027265171,0.02302629157291684,0.01,-0.08365602733551995,0.023026291606832137,0.010000000013970646,7.933726091373888e-08
293,-0.0710761334240409,0.016875379387130032,0.01,-0.07107608284423371,0.016875335021628655,0.010000014300636576,6.878315792585301e-05
294,-0.05950388645646257,0.00856515036873486,0.01,-0.059503847245812445,0.008565115288609766,0.010000015113824218,5.474045982705512e-05
295,-0.04790704263590685,-0.0008333451140920098,0.01,-0.0479070442931054,-0.000833343654177289,0.009999999159612014,2.3630298300733963e-06
296,-0.03562392430815439,-0.012005118358774306,0.01,-0.03562389095610078,-0.012005100903035283,0.010000017046546454,4.132368631868678e-05
297,-0.02291208330993826,-0.023850193419223932,0.01,-0.022912076263896256,-0.023850199957590718,0.010000016256620399,1.8885832121586937e-05
298,-0.009286733359218273,-0.036546489173223715,0.01,-0.009286737711860213,-0.03654648511742705,0.009999983057519934,1.795668703393852e-05
299,0.00460115797807396,-0.04947425708409961,0.01,0.004601311248746388,-0.04947409201016376,0.009999999994462876,0.00022525830362771904
300,0.019054374511906814,-0.06290060833136112,0.01,0.0190543763287144,-0.06290060615432382,0.009999997160996223,4.012508399766512e-06
301,0.031596615388593305,-0.0743716772456003,0.01,0.03159662297658815,-0.07437166933311179,0.009999983795183555,1.956479532779824e-05
302,0.04264199295837402,-0.08444836008477603,0.012467775231657728,0.042642013156880064,-0.08444833860167116,0.01246777750101398,2.9574540052447544e-05
303,0.05159058966804076,-0.09239324589918006,0.022982324687034997,0.051590588561789275,-0.09239324474395873,0.02298234546906453,2.084349011725057e-05
304,0.059215997027780666,-0.09691715601573961,0.03213843845583601,0.05921600344953884,-0.0969171709168785,0.03213840694594769,3.544229084713295e-05
305,0.0665306942361806,-0.09712106338400983,0.039132874185234034,0.06653069387996208,-0.09712106272846092,0.03913287691364955,2.8285839614733708e-06
306,0.07282180422881061,-0.09337471542734208,0.042868495532540615,0.0728218001576741,-0.09337470632477862,0.0428685224912229,2.8743718697042928e-05
307,0.07714288077558716,-0.08658599826417898,0.04323681939609475,0.07714289090544325,-0.08658600385428572,0.0432367907328274,3.091029234709271e-05
308,0.08145025048121274,-0.07705020041028458,0.04296837342701158,0.08145025782010759,-0.07705019340411039,0.0429683664231819,1.2328807110137965e-05
309,0.08481462123094012,-0.06616863371870739,0.04270019600846392,0.08481465559422925,-0.06616864219459558,0.0427001659506165,4.643436778848221e-05
310,0.08676229795050291,-0.05468705195178123,0.04243228966463976,0.08676230769907019,-0.054687053016676986,0.042432264126411656,2.735634590760927e-05
311,0.0870169554546093,-0.042663117205834426,0.04176372629889129,0.08701700168229046,-0.04266311585575408,0.04176371014143284,4.8988617917000275e-05
312,0.0851338137124426,-0.03136784559626124,0.03980636194689842,0.08513380438941161,-0.03136787105038777,0.039806416380283274,6.0809743058947834e-05
313,0.08138975360862628,-0.020237755408214764,0.03691422578310914,0.08138977247904566,-0.020237763351936045,0.03691419618977179,3.598556725807852e-05
314,0.07643450352119471,-0.011878547982881068,0.03337880896855423,0.07643454069400066,-0.01187852866978418,0.03337873756066521,8.278828315792787e-05
315,0.07091106870786461,-0.004741506420874186,0.03000595763842681,0.0709110965346963,-0.0047414745499092786,0.03000591496020951,6.009593328791431e-05
316,0.06602930701824722,0.0005495038805016055,0.027521159305119128,0.06602933305884573,0.0005494631858890923,0.027521172899028813,5.01892283157507e-05
317,0.06108179300816144,0.0036865350813413897,0.024679812310759677,0.06108178757671863,0.003686545365447963,0.024679816153696257,1.2248737917056302e-05
318,0.0549918431523921,0.0022362901289855984,0.0197667190429877,0.054991849005930585,0.0022362735856975083,0.01976674016224273,2.745846366374301e-05
319,0.046956573124681225,-0.004316594014763538,0.012485021729234422,0.046956588016307796,-0.004316608748926542,0.012485050642647141,3.570492314027647e-05
320,0.03522496374251507,-0.014530886015114122,0.01,0.03522497203234806,-0.014530880834208051,0.01000004246282351,4.3573552748673734e-05
321,0.01823388875734632,-0.029324406293942288,0.01,0.01823391208256607,-0.02932438660114816,0.010000047656731695,5.659537165447655e-05
322,-0.003241367242833028,-0.0480047060599327,0.01,-0.0032413560519226475,-0.04800469593004876,0.009999950072326892,5.215959706331173e-05
323,-0.043703379343971484,-0.08140429268234718,0.01,-0.04370335388189847,-0.08140426730027939,0.01000001367198951,3.846413686508004e-05
324,-0.07241285594012546,-0.10242992287979877,0.01,-0.07241285278810333,-0.10242992038848425,0.010000001820458166,4.4108910047369555e-06
325,-0.11482600044469926,-0.12502008212671556,0.016475323256777155,-0.11482586280359319,-0.12502000690390558,0.016475319920251988,0.00015689065498405053
326,-0.1477262476853347,-0.1276926926593851,0.05022149858570267,-0.14772600003656577,-0.1276925695971477,0.05022141962004255,0.0002875931197162434
327,-0.18083361165709966,-0.016388132349843505,0.06593098691631409,-0.18083366466943937,-0.016388121050134926,0.06593096989602508,5.6812690605033024e-05
328,-0.17287121223078228,0.01338330708405081,0.05583242705066392,-0.1728705128263975,0.01338307006688328,0.05583223314483686,0.0007635071059956006
329,-0.1682031364608919,0.025077370885699328,0.053314050608242666,-0.16820299610512224,0.025077310892384682,0.05331401403389715,0.00015696057668353755
330,-0.1638422319134449,0.03445554473076373,0.05219585628852287,-0.163842173367591,0.03445552413462791,0.05219584255643347,6.356404723504494e-05
331,-0.15987055156377122,0.042153817932757465,0.05219585628852287,-0.1598698683232364,0.042153455718547006,0.05219564204047905,0.0008024456286590453
332,-0.14446765430243258,0.05005321406047737,0.012393433164053745,-0.14446767734937127,0.05005322699500579,0.01239342253413224,2.8486113102596453e-05
333,-0.1403817386539654,0.04735920895756525,0.01,-0.14038173915782015,0.047359209289771886,0.009999999689070501,6.789020738785974e-07
334,-0.13377782511461583,0.04329971136578381,0.01,-0.13377781090430163,0.04329970197030303,0.01000000092764173,1.7060732928539884e-05
335,-0.12511047154755192,0.03784207680497618,0.01,-0.1251104716082101,0.037842076810730166,0.009999999989895595,6.176262073136427e-08
336,-0.11531357535581596,0.03133938685471649,0.01,-0.11531357535798742,0.031339386856159016,0.009999999998502138,3.006609885196741e-09
337,-0.107420885185594,0.026100613671255678,0.01,-0.10742089553957737,0.026100620543712733,0.00999999206059891,1.4746854822598627e-05
338,-0.10076082783389159,0.021902888686312495,0.01,-0.10076071369658476,0.02190279671712863,0.01000002630769396,0.00014892196061141313
339,-0.09423558862165753,0.017557326924633264,0.01,-0.09423559162041942,0.01755732892179785,0.00999999981679009,3.607603794671655e-06
340,-0.08656517211583249,0.012449120531008266,0.01,-0.08656506141483294,0.0124490468083098,0.010000032310827129,0.00013687124285182827
341,-0.0805981597709786,0.00847531668506662,0.01,-0.08059812325795007,0.008475292368766749,0.010000011482804971,4.534686871160509e-05
342,-0.07667618352908157,0.005863429299383015,0.01,-0.07667618351366158,0.005863429289114999,0.01000000000572002,1.9388829304346096e-08
343,-0.07526794151447108,0.004925593543353121,0.01,-0.07526795481720533,0.004925602402468664,0.009999986203818376,2.11135334339486e-05
344,-0.07303352325202651,0.003437555749631757,0.01,-0.07303352050459941,0.003437553920011216,0.010000001527303081,3.6371034799270732e-06
345,-0.06733195417864221,-0.0003594729478631348,0.01,-0.06733194432206807,-0.0003594795119784486,0.010000004378341091,1.2625748862584687e-05
346,-0.058549931908418756,-0.006207966608623891,0.01,-0.05854987290031319,-0.006208005905767394,0.01000003262662664,7.804305719385542e-05
347,-0.04686802051784318,-0.0139876764079264,0.01,-0.0468680321909286,-0.013987668634303126,0.00999999446641786,1.5076825706203404e-05
348,-0.03392360258785751,-0.022832832798411785,0.01,-0.033923596613348844,-0.02283283556734218,0.010000005315788707,8.462820977488463e-06
349,-0.019833803271594102,-0.03216639945982355,0.01,-0.019833773270770225,-0.032166354665583444,0.01000000085248648,5.391938532140816e-05
350,-0.005856339514398436,-0.041364410560185194,0.01,-0.005856363596907652,-0.04136444736063727,0.009999999999926235,4.398000139875481e-05
351,0.00784905198945994,-0.05032352184243161,0.01,0.007849143964364647,-0.05032338076548859,0.010000000000004311,0.00016841047160620555
352,0.020642582564791137,-0.0586294730560282,0.01,0.020642585464323723,-0.05862947899925731,0.01000001975954376,2.0836718337460006e-05
353,0.031054427548181218,-0.0653353898866354,0.01,0.03105446591883341,-0.06533533096903768,0.009999979806998092,7.315290559047036e-05
354,0.03930331328098242,-0.07068388745924592,0.01,0.03930331816995953,-0.07068389065705002,0.01000003157687674,3.211272633949866e-05
355,0.045544011626978236,-0.07473029579076469,0.01,0.045544025571638454,-0.07473030483209278,0.010000004647987726,1.7256968218988944e-05
356,0.049415448788361176,-0.07713293461584558,0.014751952307515942,0.049415449497929045,-0.07713293441161576,0.014751957785344307,5.527368268474558e-06
357,0.051111513182671646,-0.07822895447877833,0.017092175998857304,0.0511115149822441,-0.07822895564161964,0.017092234038609516,5.807928630622468e-05
358,0.050906162171666866,-0.07809625386452715,0.01673940412973919,0.05090616199548276,-0.07809625375068158,0.016739404622414494,5.354723232792079e-07
359,0.04901168222065746,-0.07623630547734567,0.01393980479622535,0.04901169202591462,-0.0762363017150534,0.013939804981570915,1.050391660797379e-05
360,0.04689278332834172,-0.07272300711926694,0.010490785331128516,0.046892808520864825,-0.07272296023399678,0.010490770864955791,5.5155796892392e-05
361,0.045046372690106695,-0.06787443854159385,0.01,0.04504636257241289,-0.06787447584061633,0.010000038308673,5.4416350787772055e-05
362,0.04299501570502047,-0.061785007694921755,0.01,0.042995015941263356,-0.061785010654349715,0.010000003976306904,4.962362455597421e-06
363,0.04045160182237335,-0.05553066454500329,0.01,0.04045160949668545,-0.055530636537681095,0.010000002063510094,2.911293933682879e-05
364,0.03660581138013257,-0.04960092533082865,0.01,0.036605818431421036,-0.04960100544616796,0.010000015219012302,8.185234631167396e-05
365,0.030728159620535683,-0.044870032472422515,0.01,0.030728164674386126,-0.04486999038395875,0.010000017520789564,4.586892470018242e-05
366,0.021999895322711967,-0.04204002388785429,0.01,0.021999913860495532,-0.04204012990044639,0.009999987432308219,0.0001083525079481572
367,0.004418571346623431,-0.04363428468643143,0.01,0.004418593952913663,-0.043634284392796006,0.010000034467416073,4.122054524774856e-05
368,-0.003844207545220006,-0.04689696918091166,0.01,-0.003844267406164059,-0.04689688557760988,0.009999969132819971,0.00010735747525667215
369,-0.011929482051950427,-0.051296826625769315,0.01,-0.01192947100060384,-0.05129680826919342,0.0100000210222244,3.0017162737643447e-05
370,-0.01975458329914893,-0.056511231534836094,0.01,-0.019754650519857628,-0.056511104121892405,0.01000000500370109,0.00014414478458062914
371,-0.026041801736898913,-0.06141230374942762,0.01,-0.026041857084213874,-0.06141224291468549,0.00999998384731682,8.381587138935444e-05
372,-0.036264719633785504,-0.07141211226025652,0.01,-0.03626475149809252,-0.07141208792663165,0.00999998780245799,4.190750997906039e-05
373,-0.04081958280409699,-0.0771567880601952,0.01,-0.04081956830182908,-0.07715673846874622,0.009999985664953552,5.3620156122371255e-05
374,-0.0464975863747049,-0.08383946835832527,0.01,-0.04649757619556875,-0.08383946614481905,0.009999985682058595,1.770643579890976e-05
375,-0.05395157042881793,-0.0918834780474722,0.01,-0.05395158339931866,-0.09188352204603194,0.009999944511828663,7.199336293511545e-05
376,-0.06279105774629237,-0.10020950551124376,0.01,-0.06279104957524381,-0.10020949832411029,0.009999981127888292,2.1784800261775602e-05
377,-0.0729850100440444,-0.10933829641363199,0.01,-0.0729849369946606,-0.10933823243518968,0.010000023853792808,9.999228462145679e-05
378,-0.0839584701001046,-0.11829963207680765,0.011347843121993162,-0.08395840310662442,-0.11829957444954209,0.011347855707458807,8.92604171381834e-05
379,-0.0938127950460064,-0.12662678039767344,0.015593694924734683,-0.09381271290041043,-0.1266267093222776,0.015593703074577445,0.00010893131215650001
380,-0.10329458142761688,-0.1348566954864886,0.021524219998279304,-0.10329444852705089,-0.1348565802288587,0.021524214834656295,0.0001759930245533402
381,-0.1175913290279112,-0.1466349780014304,0.033074045064191024,-0.1175911695963929,-0.1466348607298532,0.03307401343155188,0.00020042867984234084
382,-0.13982400770165984,-0.15226372906805408,0.05313048697689962,-0.13982352529226627,-0.15226336592227624,0.05313033560897229,0.0006224997416794589
383,-0.17772319662959832,-0.07212024667914943,0.04894915673686716,-0.17772271488125652,-0.07212018998560135,0.04894902535609535,0.0005025500277823029
384,-0.11318391767248323,0.07008679515656217,0.01,-0.11318386252215253,0.07008673898407683,0.010000010004113245,7.93535718690214e-05
385,-0.10653707880643715,0.07019312859286982,0.01,-0.10653706449445727,0.07019311309121506,0.010000001366837449,2.1142429205347412e-05
386,-0.10058418473999159,0.06646411680522477,0.01,-0.10058418497710057,0.06646411711447711,0.00999999977714878,4.489101810596229e-07
387,-0.09371605706333565,0.05916090606982427,0.01,-0.09371606327003362,0.059160912854379744,0.00999999468132686,1.0622691593835032e-05
388,-0.0836398717056422,0.04794020529977678,0.01,-0.08363986921484245,0.047940202526215676,0.009999999787189573,3.733900487398471e-06
389,-0.07046083886636981,0.0330225094502376,0.01,-0.07046082408335394,0.03302249294483835,0.010000003939905723,2.2505302037925533e-05
390,-0.05374139128010535,0.014277591391677582,0.01,-0.05374135458664269,0.01427755048292078,0.010000014400458425,5.680941636489542e-05
391,-0.033391780979180205,-0.008244077244511198,0.01,-0.03339179511247871,-0.00824406160235891,0.009999962780535124,4.2775175283190526e-05
392,-0.008686638256372264,-0.035615771623391315,0.01,-0.008686540441465176,-0.0356156836293229,0.009999999999802403,0.00013157017946525452
393,0.007253235277625756,-0.053202711902852015,0.01,0.007253242188487927,-0.053202720049397405,0.010000012503152592,1.644551739691681e-05
394,0.020719681488703127,-0.06806064567413617,0.01,0.020719695307609302,-0.068060660947495,0.010000050179960317,5.4242659182632354e-05
395,0.03110725453206894,-0.07952156638800267,0.01,0.031107255117340478,-0.07952156703356969,0.010000003324980501,3.437265610896959e-06
396,0.038937687772966086,-0.08816111810566435,0.01,0.03893768776203845,-0.0881611180936129,0.009999999977373011,2.786810159152112e-08
397,0.04525223646840891,-0.09497449010598599,0.02094493341536395,0.045252236545828786,-0.09497448997702143,0.02094493541572963,2.0060130965709053e-06
398,0.0513701232777444,-0.09982297132616512,0.03874360642290457,0.051370123268208494,-0.09982297127319456,0.038743606951003394,5.308344176661773e-07
399,0.0570133417224114,-0.1016909976074062,0.05491696804458268,0.05701334240222024,-0.10169100828939165,0.054916958636811376,1.4250372420401032e-05
400,0.06253812895728666,-0.1011861637185753,0.07048044645666773,0.06253814212045503,-0.10118617569107051,0.07048042437155795,2.836127142437218e-05
401,0.06747863892565018,-0.09869864202969636,0.08421088626555841,0.06747865662893107,-0.09869866196106304,0.08421084648453545,4.788731899177311e-05
402,0.07191745202195395,-0.09486609567103249,0.09603050187050909,0.0719174519352263,-0.09486609567806469,0.09603050191907533,9.964846001995475e-08
403,0.07649167844019755,-0.08978067849856611,0.10547423881751107,0.07649163932252773,-0.08978066028875632,0.1054742710261844,5.38441074063665e-05
404,0.08120987338949044,-0.08376196150414972,0.11155542946896906,0.08120987005554497,-0.08376196052718853,0.11155543178862429,4.17737309111947e-06
405,0.08578796816418263,-0.07723814715802552,0.11374788723497455,0.08578795265058092,-0.0772381412783053,0.11374789537579325,1.8480148182240434e-05
406,0.09048844914961504,-0.06979377971768227,0.11174135841011061,0.09048843330155486,-0.0697937716974017,0.11174137171665294,2.2193467075361853e-05
407,0.09500451782840774,-0.06108498719568177,0.10517772455169903,0.09500447897041266,-0.061084984261053535,0.10517775877962984,5.1866242127371065e-05
408,0.09835546151204405,-0.05154554857567316,0.09740573470174403,0.09835542906285277,-0.05154554599309803,0.09740576840456691,4.6856162657306305e-05
409,0.10038576484485452,-0.04103989543384596,0.08854586850010242,0.10038573490557508,-0.04103989668695843,0.08854590548244526,4.759857588745828e-05
410,0.10001524341313166,-0.030677592995934796,0.07754903174635049,0.10001521798902574,-0.030677596687601484,0.0775490710126471,4.6923934347665655e-05
411,0.09759157041276054,-0.02075458418701187,0.06671942597149277,0.0975915493609982,-0.020754589464318855,0.06671946491994707,4.45870918351646e-05
412,0.09322966678743158,-0.01232506470263594,0.05595431642634473,0.09322972430780849,-0.012325044417870216,0.05595427548279508,7.346046377211909e-05
413,0.08751234936080844,-0.006086766495201082,0.04556383878935659,0.08751235895638916,-0.006086755388619863,0.04556384566833028,1.6209614268203086e-05
414,0.08028330010041179,-0.0014927167540980772,0.0356977787918213,0.08028331457880121,-0.0014927379671781666,0.03569778193204165,2.5874302132570935e-05
415,0.07145348366550067,-0.00010599241403991613,0.025946273347546914,0.07145349289567526,-0.00010601115715226476,0.025946292722948655,2.849397438478459e-05
416,0.06077833098700895,-0.0021155106025847227,0.016286898414850218,0.06077832904587207,-0.002115523565867439,0.0162869224370518,2.7365688005870265e-05
417,0.04865696183854129,-0.008297149535151798,0.01,0.04865696115433203,-0.008297156408520098,0.010000018050937434,1.9327381518001446e-05
418,0.03568398849585458,-0.01778971183929987,0.01,0.035684002255245824,-0.017789724440139397,0.010000019130470439,2.6722217412377397e-05
419,0.019519700377713653,-0.030301140224705838,0.01,0.019519689819974553,-0.03030111495342015,0.010000021003302148,3.451438013913054e-05
420,0.0017557189074917882,-0.04387264938346059,0.01,0.0017557337291652514,-0.04387261299345735,0.010000062878735207,7.414613733171665e-05
421,-0.017851489644336496,-0.05856734265746704,0.01,-0.017851427948312064,-0.058567435706693656,0.009999991365649444,0.00011197816757710046
422,-0.039331920344446346,-0.07427712532920015,0.01,-0.039331917597177676,-0.07427711542246143,0.010000007460215246,1.2702195430100533e-05
423,-0.06001513783897034,-0.08885983839431669,0.01,-0.06001508305094418,-0.08885979853714676,0.010000022495346064,7.138881144288877e-05
424,-0.07880287258374422,-0.10142575635071957,0.01,-0.07880284033284496,-0.10142573333874169,0.010000016881465687,4.306571156394358e-05
425,-0.09588764686972656,-0.11207368498173395,0.01163183899003939,-0.09588757501991815,-0.11207363487271021,0.011631836488156149,8.763314811102805e-05
426,-0.11164529690047505,-0.12079398911173378,0.02528748203284782,-0.11164518799443726,-0.1207938819162845,0.02528747285963625,0.00015308669838738593
427,-0.14852239849568322,-0.13546420486693905,0.07229819256994825,-0.148522021117575,-0.1354639639241583,0.07229800005359657,0.000487370706768495
428,-0.15668991717573627,-0.13749022036315944,0.08900358972732629,-0.15363902640583035,-0.13569324848203707,0.08743610727743759,3.872214309946018
429,-0.16923257580743378,-0.13699617691377855,0.12147246207062574,-0.14783492685179284,-0.12538953191461896,0.10718825896843769,28.224316594559337
430,-0.17493147872485015,-0.13392681114690833,0.1367027106398475,-0.14557252037485457,-0.11903564525420202,0.11518571089928517,39.32780867117102
431,-0.18042314732438833,-0.12918298894454047,0.15102086005897636,-0.14373054834693677,-0.11210339472614003,0.1220357659772677,49.78147283187591
432,-0.18523182500336696,-0.12292612787546284,0.1646242089129114,-0.14197368449440853,-0.1047743450845022,0.12816318557041323,59.41515094624604
433,-0.190026526036424,-0.11352157498042174,0.1777172727237482,-0.14064718397691017,-0.09576786957680879,0.13374444320241213,68.46256797623963
434,-0.1946708012447016,-0.10100659095606972,0.1887269882913875,-0.14002671973164416,-0.08534174080915706,0.13813823142282322,76.09589670959667
435,-0.19813357354613245,-0.08524352312602676,0.1994475839895049,-0.138944351013302,-0.07328115872625493,0.14240605226942868,83.06743385374509
436,-0.2,-0.06773767181485744,0.20753530672383286,-0.13777971033397896,-0.06072616139988506,0.14561530396274525,88.06027746013483
437,-0.2,-0.047995101592309485,0.2108793093975695,-0.13706196021797504,-0.04711550584743548,0.14719126751634387,89.54405183451834
438,-0.2,-0.02816206973985994,0.20790537267418024,-0.13783915288898269,-0.03345754199770297,0.14593143605643624,87.93623689863585
439,-0.2,-0.006865899207876532,0.19988375264840336,-0.13955610571802768,-0.01845105261432165,0.14204213546743322,84.45905998488861
440,-0.2,0.01569489407913824,0.18974457719466453,-0.14095194817849444,-0.002283731735181741,0.1362327438784275,81.6910014319281
441,-0.2,0.03801132494796676,0.18097238053169734,-0.14084785100708305,0.013400690961778074,0.12996090065362667,81.89524476447458
442,-0.19921123895644413,0.05815780995868189,0.17282033614947884,-0.13965713959068377,0.02725904678077975,0.12369755007903291,83.1533067803905
443,-0.19301015889955692,0.07454789589943,0.1665856724890083,-0.1360022579702348,0.03917889797644672,0.11989340832635889,81.73759425795474
444,-0.18733262032990083,0.0867345168483786,0.16168612835562912,-0.13253755952496835,0.048143370158940116,0.11687764222878588,80.61994616967634
445,-0.184333613582513,0.09371519311838727,0.15650571573331185,-0.13109352843424174,0.05359307289099374,0.1137583351001508,79.19362189679762
446,-0.18487556107870318,0.09546222974918442,0.15194670384104653,-0.13204039831564765,0.055266100529113196,0.11095387387112599,78.02368446451403
447,-0.18639106973384786,0.09661530171495979,0.14622146575137213,-0.13377342923202667,0.056581273797283345,0.10734402418063274,76.69938035198489
448,-0.18779430337819591,0.09768294944579772,0.14045121824474466,-0.1354500555258944,0.057856925720785504,0.10367063852986849,75.35810170864688
449,-0.18903588221169992,0.09862760241188512,0.13434716030893445,-0.1371302999305835,0.05913533535150194,0.09979247120088107,73.80958724220449
450,-0.1896817780868294,0.09911903109749073,0.12719854753772392,-0.1389144734740066,0.06049282034226555,0.09542923617202814,71.2642443277745
451,-0.18936517098389527,0.09887814116702459,0.11660759860264684,-0.14128884217306564,0.062299353632677884,0.08916130159854974,66.35239489759955
452,-0.18775711480398063,0.09765465458767915,0.10302552951009768,-0.14405554679429636,0.06440439675527815,0.08102425176880283,59.156258457375415
453,-0.18423702513168932,0.09497640085131438,0.08476585117274658,-0.14739568105479725,0.06694573152214398,0.06951423632753255,48.740279152052445
454,-0.17826526729897296,0.09043279991579406,0.06213364566465583,-0.15092202008305797,0.06962874056121815,0.05390694292670239,35.32903468647299
455,-0.16897236391837334,0.08336231151412579,0.03771451754898662,-0.1537394333619543,0.07177236445733565,0.035080758280336105,19.321121447811603
456,-0.15583156868938386,0.07298717938307378,0.013440466276351024,-0.1553192423467226,0.07259861622472161,0.013424218421659079,0.6432134965898784
457,-0.13963092186372286,0.060363133957788896,0.01,-0.1396309218932069,0.06036313398003379,0.009999999982034925,4.107173034946149e-08
458,-0.12004699586252687,0.045557383366946556,0.01,-0.12004701614885965,0.0455573987037281,0.009999985410201959,2.9319180970147432e-05
459,-0.09939114611275345,0.02994124186302225,0.01,-0.09939109753656163,0.029941205138656092,0.010000009947743685,6.170318537837541e-05
460,-0.07652126905344941,0.012651261510635085,0.01,-0.07652126872849217,0.012651261264952272,0.01000000009235874,4.1771687813145466e-07
461,-0.051849877131149656,-0.006000691908111765,0.01,-0.051849834269863435,-0.006000724311908963,0.01000002184435309,5.800234211930068e-05
462,-0.02991311124031396,-0.02265725511500405,0.01,-0.029913099724715494,-0.022657284050688724,0.010000017183707525,3.556912509296052e-05
463,-0.009009957135757925,-0.03841002875613925,0.01,-0.009009960464596962,-0.03841002626609927,0.009999995858288304,5.868155094357405e-06
464,0.00976658297218223,-0.05256017014650526,0.01,0.00976657867700173,-0.05256016686198886,0.009999962336592803,3.804955801572891e-05
465,0.024378945923671277,-0.0635721564135321,0.01,0.02437894997883123,-0.06357215946951272,0.010000018948255592,1.961682262086836e-05
466,0.03589645724621326,-0.07190807685183613,0.01,0.035896453869414535,-0.07190808905054258,0.01000002695854705,2.9782116573814187e-05
467,0.04444583334336177,-0.07619728437170581,0.01,0.04444584852248771,-0.07619726260935789,0.010000000029351523,2.6533121057219392e-05
468,0.0510516490093059,-0.07687360508853834,0.01594775651359119,0.05105165993891686,-0.07687358473898166,0.015947762045274226,2.3752060330447295e-05
469,0.05674347374398236,-0.07430987680634205,0.02053894063871188,0.056743465251650436,-0.0743099154854164,0.020538906618315957,5.2207066893595525e-05
470,0.06177237588860106,-0.06913715665789222,0.023751605307241686,0.061772374714621915,-0.06913715602592228,0.02375164315739766,3.7873630936824814e-05
471,0.06563068543248585,-0.06228309058640506,0.02583679708849533,0.06563068312056379,-0.06228310194818672,0.025836795249108507,1.173960858989632e-05
472,0.06794646930085241,-0.054534410000567496,0.026740644335785546,0.06794646901393592,-0.05453440155493154,0.026740648316233073,9.34104117668238e-06
473,0.06861982144131001,-0.0462526974488621,0.026458375074255094,0.06861985730622379,-0.046252668092802686,0.02645831162645189,7.857285788488214e-05
474,0.06744744410219632,-0.03845252397699227,0.024923666886148235,0.06744745186425394,-0.03845255652466906,0.024923650566489222,3.7228108644411166e-05
475,0.06436116935835025,-0.031058019031294466,0.022194695058894445,0.06436116827168392,-0.031058023693553823,0.022194691581625396,5.9168324338763285e-06
476,0.059672579916363704,-0.02467128381344057,0.01871355961867298,0.059672600134735285,-0.024671333657356565,0.018713535508917536,5.894470984360705e-05
477,0.05348150158214535,-0.019300133879599533,0.014719263295379648,0.05348150923390024,-0.0193001331131876,0.014719276327781354,1.5132092865292847e-05
478,0.046195449068834875,-0.01663733845919816,0.010010035187650361,0.046195464200240746,-0.016637325006578028,0.010010039538027184,2.0708892065250413e-05
479,0.039235467213843835,-0.01619418010776713,0.01,0.03923548825156253,-0.01619418374963063,0.010000040793678132,4.60431640204895e-05
480,0.03349575827230797,-0.017882286679732472,0.01,0.03349578435665827,-0.01788232013387615,0.00999998813259672,4.405006606847881e-05
481,0.02855924757123983,-0.021094586862538626,0.01,0.02855932468571542,-0.021094647417157854,0.010000024802800656,0.00010113695257308668
482,0.023252211541980112,-0.025390033126349857,0.01,0.02325228606489329,-0.02539012256869346,0.00999994920569705,0.0001270183397388178
483,0.01731151542184318,-0.030451271844820292,0.01,0.017311569591957933,-0.030451298145316733,0.010000034130324777,6.921702474498525e-05
484,0.009695528292429801,-0.036939792408614225,0.01,0.009695551559075012,-0.03693980578016004,0.010000018922541341,3.2835919168989165e-05
485,8.652867954950932e-05,-0.0451262809788049,0.01,8.652545711668874e-05,-0.04512628402036801,0.010000002962027042,5.3299890812243726e-06
486,-0.011200309560001804,-0.05474222186382913,0.01,-0.011200298056168408,-0.054742182707567776,0.009999982200393255,4.452389230635081e-05
487,-0.023687417397846265,-0.0652556515085706,0.01,-0.023687381277677312,-0.06525569734826799,0.009999995804819792,5.8511058771305716e-05
488,-0.03647046089913435,-0.07579175900501853,0.01,-0.036470406313472155,-0.07579171347246902,0.010000036554321197,7.993138295166044e-05
489,-0.04987441243036462,-0.08677511276228107,0.01,-0.04987436782496462,-0.08677507537722609,0.01000003181258094,6.63274027162816e-05
490,-0.06209733273322856,-0.09648159453743896,0.01,-0.06209729763894122,-0.09648156556916984,0.010000023258273648,5.110495976309465e-05
491,-0.07394310092056211,-0.103823818584627,0.01,-0.0739430803736594,-0.10382380101177,0.010000012973760807,2.9988314116880505e-05
492,-0.08400001077374585,-0.10690149720327449,0.01,-0.0839999322915307,-0.10690143935573708,0.010000017293155356,9.901943698444407e-05
493,-0.09109544778606657,-0.10526281634320915,0.01,-0.09109539480953434,-0.10526277888705576,0.010000018826359331,6.7556703585864e-05
494,-0.09587885115160745,-0.10049033255656845,0.01,-0.09587884106956854,-0.10049032865797047,0.010000003409778899,1.1334600430092954e-05
495,-0.09922361464855091,-0.09362809080787324,0.01,-0.09922361463039217,-0.09362809083057903,0.010000000001223506,2.9099654624449125e-08
496,-0.10278325778659136,-0.08557411787794175,0.01,-0.10278323177271806,-0.08557410881559026,0.010000005149661616,2.8024397115954847e-05
497,-0.10647922844068625,-0.07607840404041559,0.01,-0.10647920707825481,-0.07607841881324942,0.01000000024588359,2.597403616991117e-05
498,-0.10939695290660355,-0.06487437899131532,0.01,-0.10939694099188664,-0.06487437560998001,0.010000000653122018,1.2402438301767757e-05
499,-0.11076479602766842,-0.05268746044220688,0.01,-0.11076479597733285,-0.05268746043629535,0.010000000011849598,5.204832987196867e-08
500,-0.11061878210435808,-0.03755192950534596,0.01,-0.11061878214812709,-0.03755192957958431,0.010000000002169798,8.620770060455289e-08
501,-0.10721604602763948,-0.02353124320250905,0.01,-0.10721604602511477,-0.023531243203386287,0.01000000000087789,2.813259092185634e-09
502,-0.10079173372936506,-0.011902908770645973,0.01,-0.10079174558140608,-0.011902934976644072,0.009999998850189467,2.8784497161736195e-05
503,-0.0957492575443062,-0.006225933449423921,0.01,-0.09574925754855261,-0.006225933447652772,0.00999999999942569,4.636678621956469e-09
504,-0.08661043214765697,7.432860831935802e-05,0.01,-0.08661043199043106,7.432854520046314e-05,0.010000000050511638,1.767919912254179e-07
505,-0.08280559162015494,0.0007072692620454357,0.01,-0.08280555140450298,0.0007072505145862759,0.010000012018793615,4.5969743175019435e-05
506,-0.07842325013432949,-0.001249258364705255,0.01,-0.0784232647852508,-0.0012492501700778862,0.009999985499747045,2.2182397270985255e-05
507,-0.07379407135341556,-0.003843589003068773,0.01,-0.07379407134882225,-0.0038435890056414054,0.010000000001881003,5.59062805514168e-09
508,-0.06868315595780682,-0.006707899289718324,0.01,-0.06868315561762199,-0.006707899480363412,0.01000000015340223,4.1905072352432336e-07
509,-0.0642080977240018,-0.009215856150725347,0.01,-0.06420806552562058,-0.009215874195681806,0.010000017212436554,4.072620996837109e-05
510,-0.06020551500499569,-0.011459023561609365,0.01,-0.06020555765010454,-0.011458999662010212,0.009999948084122388,7.130956805762908e-05
511,-0.057186540221785855,-0.013150947582522162,0.01,-0.057186484040657196,-0.013150979068072995,0.010000007266313905,6.481094387854268e-05
512,-0.05451406203215826,-0.014758478365927393,0.01,-0.05451405836060726,-0.014758480560913743,0.010000002071529856,4.752839963894963e-06
513,-0.05519561120420626,-0.0143778904388464,0.01,-0.055195587731865635,-0.014377903546178596,0.010000020739928676,3.395434542566465e-05
514,-0.0609524992230649,-0.01116315235773188,0.01,-0.060952434298737625,-0.011163188612513985,0.01000003325711138,8.145927175557252e-05
515,-0.07065549261444627,-0.00574484610374633,0.01,-0.07065542302104284,-0.005744884965819905,0.010000028233196186,8.456131462004245e-05
516,-0.08416264139922887,0.0017977611909373995,0.01,-0.08416264339945356,0.0017977623111755832,0.009999998279126423,2.866572567478495e-06
517,-0.10065462845926014,0.011007149780997488,0.01,-0.10065460964689071,0.011007139275312376,0.010000006046135454,2.2379240760451354e-05
518,-0.11997267197526867,0.02179465336628567,0.01,-0.11997261844031601,0.021794623344304053,0.010000012357201056,6.260999085583257e-05
519,-0.1392240565117125,0.03254493351430133,0.01,-0.13922388292413465,0.03254484077505423,0.009999968946612191,0.0001992423851181477
520,-0.17273337391545557,0.05125707076225218,0.02391777194532614,-0.1697385981480943,0.04958474018334674,0.02365045862677305,3.4404691354802623
521,-0.19380045495082548,0.06302126479216427,0.07869739775156602,-0.1623292438950324,0.0454472386296875,0.06729781628554637,37.80521099634428
522,-0.19888576380632833,0.06586098235805418,0.10784100133644901,-0.15605877396982698,0.04194570730633369,0.08644984009126698,53.513299456047484
523,-0.2,0.06671773657064134,0.13688831031685122,-0.14846071244876877,0.03787693413257218,0.10380234957520329,67.69616565772469
524,-0.19891253062424374,0.06587592937605782,0.16412944263031326,-0.14058329127967958,0.03330395231087711,0.11849259571476291,80.90708033814771
525,-0.1950009519108806,0.06369164144029588,0.19067884578633898,-0.13193019260661404,0.028471922585291853,0.13175494505645674,93.22218272850765
526,-0.1889863321736456,0.06033298185731063,0.21543084965104686,-0.12306448686400506,0.023521171656613604,0.14324957553853646,104.45542298887925
527,-0.18102007255463612,0.05588449543940878,0.2388474514715015,-0.11389870609026104,0.018402853303305447,0.15343682612689927,114.91355992666776
528,-0.1711685013620429,0.05038322097169397,0.2604845098116734,-0.10455018053643464,0.01318248708117506,0.16240150450106652,124.26653291364258
529,-0.15906866656867003,0.04362648025378748,0.280766341055237,-0.09468036839286866,0.007671027234492651,0.17056547213268802,132.6004489248941
530,-0.14491089180002406,0.035720553033470936,0.29944720937087305,-0.08435954554192843,0.0019077155212273572,0.17787907853563228,139.95922245093888
531,-0.1323975101424884,0.02873288115133222,0.3127963100135654,-0.07593859755237047,-0.002794675185481859,0.18302812277390723,144.98750994101715
532,-0.12495714553411631,0.024578062894392638,0.3196897285037959,-0.07114059138703191,-0.0054739595150507855,0.1856604049760661,147.5235747820145
533,-0.12243990071358143,0.023172393241352184,0.32142459856270783,-0.06963006668502336,-0.006317460382056456,0.18644593026613515,147.91136174063882
534,-0.12243990071358143,0.023172393241352184,0.32142459856270783,-0.06962854474583446,-0.006318310383550251,0.1864467115054844,147.91136167947505
535,-0.12109869723955904,0.02242344383182075,0.32228036961101775,-0.06883174100479258,-0.0067632585568705855,0.18685291153027833,148.06854734407125
536,-0.11999050841150569,0.021804613516737563,0.32284655891851727,-0.0682028028529508,-0.007114467254440024,0.18716959169157768,148.07605854954915
537,-0.11549258357545994,0.019292900554967324,0.3254649632457026,-0.06556947955216022,-0.008584957172602544,0.18845815331844917,148.4599516140376
538,-0.10470966503869958,0.013271546877055802,0.3315982259661548,-0.059246770650179165,-0.012115658838099152,0.19131194117108008,149.6383195635736
539,-0.09094469897551458,0.0055849703024183454,0.3383034321688701,-0.05127370203406949,-0.016567947258450254,0.19444670685970944,150.86184796515684
540,-0.07680790138884422,-0.002617839284514395,0.34401470984949917,-0.04318675201258519,-0.021257342728081923,0.1971441729801644,151.8182050160326
541,-0.06347398421873038,-0.011647087952330926,0.3486682099950071,-0.03560601589933027,-0.026378518827103757,0.19929554323286996,152.66247832883417
542,-0.051827941628293656,-0.020881503003309994,0.35203419823919996,-0.02901808210045776,-0.03158536339408641,0.20084753274410874,153.2718830786307
543,-0.04159640661290322,-0.028786887741769344,0.35430259884627535,-0.02326805478190125,-0.03601484876862752,0.20188876790793978,153.68196954342534
544,-0.03315675650506822,-0.03491942240991333,0.3557039768085457,-0.018530341955791185,-0.03944910561321348,0.2025323217359406,153.93507056603664
545,-0.024519903417173673,-0.03981227925258044,0.356713442903512,-0.013689513368553471,-0.04217832545410914,0.20299539377644613,154.11727401775588
546,-0.015332717828650994,-0.04316545541366606,0.3573981105282576,-0.008560172645936698,-0.0440172069583676,0.2033084165229857,154.2408073357506
547,-0.0036955576096118145,-0.044990024648914315,0.35775877990886273,-0.0020578175148014423,-0.04496212825336802,0.20348898986314987,154.27848551102437
548,0.020863500282158418,-0.04459174779656034,0.3570208130694471,0.005843959275386687,-0.04503479876528668,0.2032149112421767,154.53814526878122
549,0.04016264621653487,-0.043041620257532796,0.35485958142582025,0.011207661096656631,-0.04460287009133536,0.20244262354903272,155.15075801539078
550,0.04087368259717003,-0.04300340846959816,0.35458967362548305,0.011422783726278267,-0.04458912956034971,0.20240124151393946,155.01996266368747
551,0.03645219977132758,-0.043241023264985724,0.35391828409722403,0.01025592395383821,-0.0446507517255444,0.2026158354228329,153.55996605855722
552,0.024914913137454996,-0.04386104829071064,0.35207472782748245,0.007119372633086506,-0.04481739801976613,0.20307554536248262,150.06116167045087
553,-0.03533221135246431,-0.047153147454937684,0.33385256258660706,-0.021052122719883867,-0.04636375104420024,0.2023567513135154,132.27128358194827
554,-0.06132579466994755,-0.0485900600952135,0.3228263287989669,-0.0373405034187346,-0.04726416472699327,0.19988025815845623,125.2708604619383
555,-0.0857839486567113,-0.050602353077833964,0.308788442888324,-0.053555618596707315,-0.0485727330795074,0.1959710329134434,117.3479978918876
556,-0.10785601491674089,-0.05282331326863384,0.2913871116399428,-0.06944518449744237,-0.05010841770869708,0.1906489281674672,107.84685512677515
557,-0.12781725208565076,-0.05462836693885963,0.27056213049717387,-0.08543836296150085,-0.05150231223413505,0.18367281640112612,96.7238097135114
558,-0.14622709265608255,-0.055309993001070715,0.2456543880596609,-0.10227672706750299,-0.052271308937151026,0.1743746701710669,83.79538423139824
559,-0.16208794575406302,-0.055907044021508756,0.21772161191000988,-0.11932766884660095,-0.05308242826891412,0.16252500788413943,69.87907291415205
560,-0.17437035374335266,-0.056718383090676755,0.1858458037641123,-0.1365681148700922,-0.05422128060602671,0.14739810798867484,53.976569871477395
561,-0.18002355253445584,-0.057091816463757585,0.15221453305181626,-0.15219193175142331,-0.055253342332200306,0.12999672727171244,35.65964099967003
562,-0.17873154502478455,-0.05700647031899762,0.11757737041539144,-0.16618685159269564,-0.056177805402181744,0.10992148816141331,14.719665483163451
563,-0.17039682726222444,-0.056455903837477846,0.08473729695033665,-0.17039613713528443,-0.056455858249701965,0.08473701288446212,0.000747694362499034
564,-0.15542941034044758,-0.05546720112350245,0.054018898712422436,-0.15542941034340477,-0.055467201123697664,0.054018898711695226,3.0515430512143526e-09
565,-0.13598155440843848,-0.05418253403355161,0.028395877014567195,-0.13598144293144562,-0.05418252666971511,0.02839587756310922,0.00011172129127078647
566,-0.11357233069225417,-0.05270224786112346,0.01,-0.11357231955627013,-0.05270224712551528,0.009999999889085898,1.116080471193465e-05
567,-0.09165590355969672,-0.05125451435441019,0.01,-0.09165591703082024,-0.051254515244272686,0.010000002994641906,1.3828626264328872e-05
568,-0.0707520337957899,-0.04987366735347627,0.01,-0.07075202655235599,-0.04987366687502248,0.010000002994524835,7.852606688111067e-06
569,-0.056330783541578895,-0.048921042773044376,0.01,-0.05633079135487919,-0.04892104328915391,0.009999963664949468,3.716920671332442e-05
570,-0.04515395247824751,-0.04818273480289074,0.01,-0.04515392135824699,-0.048182732747196234,0.010000019042022315,3.6541468582368736e-05
571,-0.04068458370163538,-0.047824826300348906,0.01,-0.04068459098823076,-0.04782482806839583,0.009999989385541589,1.2995660412564267e-05
572,-0.03819443754058316,-0.04760534319572107,0.01,-0.03819443492412516,-0.04760538392443416,0.010000000035020029,4.081268367572032e-05
573,-0.039589491475728114,-0.047632233956828834,0.01,-0.03958948364576968,-0.047632274464144635,0.010000004116535625,4.146199160592234e-05
574,-0.04670076454092231,-0.04806912463616609,0.01,-0.04670071526084496,-0.048069121809595154,0.009999979085313753,5.3609137541003266e-05
575,-0.060527172512637076,-0.04891856871125332,0.01,-0.06052713988013065,-0.048918566706429495,0.010000017125067474,3.690755654615815e-05
576,-0.08307178358538343,-0.05017572784211656,0.01,-0.08307175479389209,-0.05017572613264787,0.010000014377033973,3.222687330275232e-05
577,-0.10914105017964457,-0.05156918594535693,0.01,-0.10914094884138567,-0.051569171222292015,0.0100000091283367,0.00010280825787501839
578,-0.13778235213137183,-0.05324061734121946,0.01,-0.1377822334240373,-0.05324061041123097,0.010000013971361294,0.0001197274193541304
579,-0.16465824192546175,-0.0548090239056031,0.013857303337999685,-0.164658026018562,-0.054808993367647545,0.013857287116610498,0.00021865838551296342
580,-0.2,-0.05780642217743451,0.15442988456889473,-0.15732111555626604,-0.055116281384626646,0.12328954331679715,52.90032975458486
581,-0.2,-0.057547161760072955,0.1895401258265395,-0.14441680258176093,-0.054115687702165065,0.1392257085110915,75.05203154637513
582,-0.2,-0.05731277266902531,0.22130117197848576,-0.1334325817123707,-0.05328123125361763,0.15046957304315803,97.28612394067034
583,-0.18988500861462565,-0.05657349029220286,0.2483015099510067,-0.12097098010024965,-0.05244576546140687,0.16126926444393552,111.08912276349162
584,-0.17554650085054108,-0.05571466062445135,0.2696977629880655,-0.10871408003690364,-0.05171161676687401,0.17025222512524127,119.88332591633926
585,-0.16048768621482548,-0.0548126869335267,0.28633299178281124,-0.0974939745641415,-0.05103956936795722,0.17727726676705546,125.99839396756322
586,-0.14806932058894778,-0.05406886749290095,0.2964141072927557,-0.08915010124022807,-0.050539798789331875,0.18184558662680228,128.87930269116936
587,-0.1366197506701991,-0.05338307574308951,0.3034771200707185,-0.08192913385072305,-0.05010728639471784,0.18538551754647814,130.18226050692476
588,-0.12255843963864951,-0.052540849252015916,0.3109862728963304,-0.07321193485552521,-0.049585154827468024,0.1891813189667887,131.45440451205883
589,-0.10554000825445857,-0.05168399315858523,0.3184618883352941,-0.06283906881833644,-0.04906060251867941,0.1930570627357563,132.50140637301706
590,-0.08535825429775319,-0.05110158320088847,0.3260410997921481,-0.05060680196052199,-0.048698903103829426,0.1967861621309537,133.866632216527
591,-0.06483136812115661,-0.04998224901427976,0.3320495260911785,-0.03830371572385097,-0.048025462180108607,0.19968006980321423,135.01562248272583
592,-0.04715349187365379,-0.04875098493540719,0.3358406333777366,-0.027804259781156703,-0.047293854379690255,0.20149617133460176,135.73853724600477
593,-0.03465364716977022,-0.048184193669479854,0.33755327213479475,-0.020425071530067142,-0.0469559178281107,0.20241936703328559,135.886472226859
594,-0.030702832371666183,-0.048604879990097175,0.3377693582855061,-0.018103994254550865,-0.04720684198445736,0.2026473848688871,135.71526418265555
595,-0.03323778834176131,-0.049454864712106576,0.33633416050662784,-0.01966327963166824,-0.04772556410686981,0.20248960038891076,134.54227603399923
596,-0.04123315039545001,-0.05067135112326898,0.33266469009870403,-0.024605900874431118,-0.04846517116363288,0.20191373624839443,131.82239790496268
597,-0.05870325655546827,-0.05308116615511736,0.32527921210084615,-0.03551636326211998,-0.04996822664662283,0.20017897762771492,127.26897138821025
598,-0.08285838967754208,-0.05671252234196322,0.3119727608580539,-0.05132953312204398,-0.05233183507512739,0.19648772534160386,119.79170524231937
599,-0.11009829521519687,-0.060669479115801256,0.2901052995831012,-0.07091673608109104,-0.0551642351749699,0.18987388889440154,107.75823855127862
600,-0.1342743656421201,-0.0640663638345013,0.2622032204298914,-0.09102032541008086,-0.05798890800007628,0.18047874596084879,92.6646491012374
601,-0.15573413146307719,-0.0670815912596709,0.22670988358962463,-0.11290372764476259,-0.061063658773313094,0.1666961574481527,73.97503854702511
